flow,src,src_port,dst,dst_port,protocol,timestamp,duration,total_fpackets,total_bpackets,total_fpktl,total_bpktl,min_fpktl,max_fpktl,mean_fpktl,std_fpktl,min_bpktl,max_bpktl,mean_bpktl,std_bpktl,flowBytesPerSecond,flowPktsPerSecond,mean_flowiat,std_flowiat,max_flowiat,min_flowiat,total_fiat,mean_fiat,std_fiat,max_fiat,min_fiat,total_biat,mean_biat,std_biat,max_biat,min_biat,fpsh_cnt,bpsh_cnt,furg_cnt,burg_cnt,total_fhlen,total_bhlen,fPktsPerSecond,bPktsPerSecond,min_flowpktl,max_flowpktl,mean_flowpktl,std_flowpktl,var_flowpktl,flow_fin,flow_syn,flow_rst,flow_psh,flow_ack,flow_urg,flow_cwr,flow_ece,downUpRatio,avgPacketSize,fAvgSegmentSize,bAvgSegmentSize,fAvgBytesPerBulk,fAvgPacketsPerBulk,fAvgBulkRate,bAvgBytesPerBulk,bAvgPacketsPerBulk,bAvgBulkRate,fSubFlowAvgPkts,fSubFlowAvgBytes,bSubFlowAvgPkts,bSubFlowAvgBytes,fInitWinSize,bInitWinSize,fDataPkts,fHeaderSizeMin,mean_active_s,std_active_s,max_active_s,min_active_s,mean_idle_s,std_idle_s,max_idle_s,min_idle_s,label
40.77.226.250:443<->192.168.18.9:443,40.77.226.250,443.0,192.168.18.9,50630.0,TCP,0.0,1.0,1.0,0.0,368.0,0.0,368.0,368.0,368.0,0.0,0.0,0.0,0.0,0.0,368.0,1.0,0.0,0.0,0.0,0.0,0.0,0.0,0.0,1640885441.464422,1640885441.464422,0.0,0.0,0.0,1640885441.464422,0.0,1.0,0.0,0.0,0.0,0.0,0.0,1.0,1.0,368.0,368.0,368.0,0.0,0.0,1.0,0.0,0.0,1.0,1.0,0.0,0.0,0.0,1.0,368.0,314.0,0.0,0.0,0.0,0.0,0.0,0.0,0.0,1.0,368.0,0.0,0.0,2051.0,0.0,1.0,354.0,0.0,0.0,0.0,0.0,0.0,0.0,0.0,0.0,None
192.168.18.9:50630<->40.77.226.250:50630,192.168.18.9,50630.0,40.77.226.250,443.0,TCP,0.0,1.0,1.0,0.0,54.0,0.0,54.0,54.0,54.0,0.0,0.0,0.0,0.0,0.0,54.0,1.0,0.0,0.0,0.0,0.0,0.0,0.0,0.0,1640885441.465067,1640885441.465067,0.0,0.0,0.0,1640885441.465067,0.0,0.0,0.0,0.0,0.0,0.0,0.0,1.0,1.0,54.0,54.0,54.0,0.0,0.0,1.0,0.0,0.0,0.0,1.0,0.0,0.0,0.0,1.0,54.0,0.0,0.0,0.0,0.0,0.0,0.0,0.0,0.0,1.0,54.0,0.0,0.0,501.0,0.0,1.0,40.0,0.0,0.0,0.0,0.0,0.0,0.0,0.0,0.0,None
<<<<<<< HEAD,,,,,,,,,,,,,,,,,,,,,,,,,,,,,,,,,,,,,,,,,,,,,,,,,,,,,,,,,,,,,,,,,,,,,,,,,,,,,,,,,,,
192.168.18.9:50190<->35.232.111.17:50190,192.168.18.9,50190.0,35.232.111.17,80.0,TCP,0.0,1.0,1.0,0.0,66.0,0.0,66.0,66.0,66.0,0.0,0.0,0.0,0.0,0.0,66.0,1.0,0.0,0.0,0.0,0.0,0.0,0.0,0.0,1640873554.5989065,1640873554.5989065,0.0,0.0,0.0,1640873554.5989065,0.0,0.0,0.0,0.0,0.0,0.0,0.0,1.0,1.0,66.0,66.0,66.0,0.0,0.0,1.0,0.0,0.0,0.0,1.0,0.0,0.0,0.0,1.0,66.0,0.0,0.0,0.0,0.0,0.0,0.0,0.0,0.0,1.0,66.0,0.0,0.0,501.0,0.0,1.0,52.0,0.0,0.0,0.0,0.0,0.0,0.0,0.0,0.0,None
35.232.111.17:80<->192.168.18.9:80,35.232.111.17,80.0,192.168.18.9,50190.0,TCP,0.0,1.0,1.0,0.0,66.0,0.0,66.0,66.0,66.0,0.0,0.0,0.0,0.0,0.0,66.0,1.0,0.0,0.0,0.0,0.0,0.0,0.0,0.0,1640873554.5993366,1640873554.5993366,0.0,0.0,0.0,1640873554.5993366,0.0,0.0,0.0,0.0,0.0,0.0,0.0,1.0,1.0,66.0,66.0,66.0,0.0,0.0,1.0,0.0,0.0,0.0,1.0,0.0,0.0,0.0,1.0,66.0,0.0,0.0,0.0,0.0,0.0,0.0,0.0,0.0,1.0,66.0,0.0,0.0,508.0,0.0,1.0,52.0,0.0,0.0,0.0,0.0,0.0,0.0,0.0,0.0,None
192.168.18.9:52620<->34.120.208.123:52620,192.168.18.9,52620.0,34.120.208.123,443.0,TCP,0.0,1.0,1.0,0.0,97.0,0.0,97.0,97.0,97.0,0.0,0.0,0.0,0.0,0.0,97.0,1.0,0.0,0.0,0.0,0.0,0.0,0.0,0.0,1640873480.8785417,1640873480.8785417,0.0,0.0,0.0,1640873480.8785417,0.0,1.0,0.0,0.0,0.0,0.0,0.0,1.0,1.0,97.0,97.0,97.0,0.0,0.0,1.0,0.0,0.0,1.0,1.0,0.0,0.0,0.0,1.0,97.0,31.0,0.0,0.0,0.0,0.0,0.0,0.0,0.0,1.0,97.0,0.0,0.0,501.0,0.0,1.0,83.0,0.0,0.0,0.0,0.0,0.0,0.0,0.0,0.0,None
34.120.208.123:443<->192.168.18.9:443,34.120.208.123,443.0,192.168.18.9,52620.0,TCP,0.0,1.0,1.0,0.0,66.0,0.0,66.0,66.0,66.0,0.0,0.0,0.0,0.0,0.0,66.0,1.0,0.0,0.0,0.0,0.0,0.0,0.0,0.0,1640873480.934831,1640873480.934831,0.0,0.0,0.0,1640873480.934831,0.0,0.0,0.0,0.0,0.0,0.0,0.0,1.0,1.0,66.0,66.0,66.0,0.0,0.0,1.0,0.0,0.0,0.0,1.0,0.0,0.0,0.0,1.0,66.0,0.0,0.0,0.0,0.0,0.0,0.0,0.0,0.0,1.0,66.0,0.0,0.0,302.0,0.0,1.0,52.0,0.0,0.0,0.0,0.0,0.0,0.0,0.0,0.0,None
192.168.18.9:43502<->207.244.89.161:43502,192.168.18.9,43502.0,207.244.89.161,80.0,TCP,0.0,1.0,1.0,0.0,66.0,0.0,66.0,66.0,66.0,0.0,0.0,0.0,0.0,0.0,66.0,1.0,0.0,0.0,0.0,0.0,0.0,0.0,0.0,1640873400.952325,1640873400.952325,0.0,0.0,0.0,1640873400.952325,0.0,0.0,0.0,0.0,0.0,0.0,0.0,1.0,1.0,66.0,66.0,66.0,0.0,0.0,1.0,0.0,0.0,0.0,1.0,0.0,0.0,0.0,1.0,66.0,0.0,0.0,0.0,0.0,0.0,0.0,0.0,0.0,1.0,66.0,0.0,0.0,502.0,0.0,1.0,52.0,0.0,0.0,0.0,0.0,0.0,0.0,0.0,0.0,None
192.168.18.9:46696<->198.16.66.124:46696,192.168.18.9,46696.0,198.16.66.124,80.0,TCP,0.0,1.0,1.0,0.0,54.0,0.0,54.0,54.0,54.0,0.0,0.0,0.0,0.0,0.0,54.0,1.0,0.0,0.0,0.0,0.0,0.0,0.0,0.0,1640873401.229273,1640873401.229273,0.0,0.0,0.0,1640873401.229273,0.0,0.0,0.0,0.0,0.0,0.0,0.0,1.0,1.0,54.0,54.0,54.0,0.0,0.0,0.0,0.0,1.0,0.0,0.0,0.0,0.0,0.0,1.0,54.0,0.0,0.0,0.0,0.0,0.0,0.0,0.0,0.0,1.0,54.0,0.0,0.0,0.0,0.0,1.0,40.0,0.0,0.0,0.0,0.0,0.0,0.0,0.0,0.0,None
192.168.18.9:45746<->198.16.66.99:45746,192.168.18.9,45746.0,198.16.66.99,80.0,TCP,0.0,1.0,1.0,0.0,54.0,0.0,54.0,54.0,54.0,0.0,0.0,0.0,0.0,0.0,54.0,1.0,0.0,0.0,0.0,0.0,0.0,0.0,0.0,1640873401.239103,1640873401.239103,0.0,0.0,0.0,1640873401.239103,0.0,0.0,0.0,0.0,0.0,0.0,0.0,1.0,1.0,54.0,54.0,54.0,0.0,0.0,0.0,0.0,1.0,0.0,0.0,0.0,0.0,0.0,1.0,54.0,0.0,0.0,0.0,0.0,0.0,0.0,0.0,0.0,1.0,54.0,0.0,0.0,0.0,0.0,1.0,40.0,0.0,0.0,0.0,0.0,0.0,0.0,0.0,0.0,None
192.168.18.9:46696<->198.16.66.124:46696,192.168.18.9,46696.0,198.16.66.124,80.0,TCP,0.0,1.0,1.0,0.0,66.0,0.0,66.0,66.0,66.0,0.0,0.0,0.0,0.0,0.0,66.0,1.0,0.0,0.0,0.0,0.0,0.0,0.0,0.0,1640873400.9522843,1640873400.9522843,0.0,0.0,0.0,1640873400.9522843,0.0,0.0,0.0,0.0,0.0,0.0,0.0,1.0,1.0,66.0,66.0,66.0,0.0,0.0,1.0,0.0,0.0,0.0,1.0,0.0,0.0,0.0,1.0,66.0,0.0,0.0,0.0,0.0,0.0,0.0,0.0,0.0,1.0,66.0,0.0,0.0,502.0,0.0,1.0,52.0,0.0,0.0,0.0,0.0,0.0,0.0,0.0,0.0,None
192.168.18.9:43502<->207.244.89.161:43502,192.168.18.9,43502.0,207.244.89.161,80.0,TCP,0.0,1.0,1.0,0.0,66.0,0.0,66.0,66.0,66.0,0.0,0.0,0.0,0.0,0.0,66.0,1.0,0.0,0.0,0.0,0.0,0.0,0.0,0.0,1640873401.6587398,1640873401.6587398,0.0,0.0,0.0,1640873401.6587398,0.0,0.0,0.0,0.0,0.0,0.0,0.0,1.0,1.0,66.0,66.0,66.0,0.0,0.0,1.0,0.0,0.0,0.0,1.0,0.0,0.0,0.0,1.0,66.0,0.0,0.0,0.0,0.0,0.0,0.0,0.0,0.0,1.0,66.0,0.0,0.0,502.0,0.0,1.0,52.0,0.0,0.0,0.0,0.0,0.0,0.0,0.0,0.0,None
198.16.66.124:80<->192.168.18.9:80,198.16.66.124,80.0,192.168.18.9,46696.0,TCP,0.0,1.0,1.0,0.0,66.0,0.0,66.0,66.0,66.0,0.0,0.0,0.0,0.0,0.0,66.0,1.0,0.0,0.0,0.0,0.0,0.0,0.0,0.0,1640873401.229266,1640873401.229266,0.0,0.0,0.0,1640873401.229266,0.0,0.0,0.0,0.0,0.0,0.0,0.0,1.0,1.0,66.0,66.0,66.0,0.0,0.0,1.0,0.0,0.0,0.0,1.0,0.0,0.0,0.0,1.0,66.0,0.0,0.0,0.0,0.0,0.0,0.0,0.0,0.0,1.0,66.0,0.0,0.0,227.0,0.0,1.0,52.0,0.0,0.0,0.0,0.0,0.0,0.0,0.0,0.0,None
192.168.18.9:46696<->198.16.66.124:46696,192.168.18.9,46696.0,198.16.66.124,80.0,TCP,0.0,1.0,1.0,0.0,54.0,0.0,54.0,54.0,54.0,0.0,0.0,0.0,0.0,0.0,54.0,1.0,0.0,0.0,0.0,0.0,0.0,0.0,0.0,1640873401.2286873,1640873401.2286873,0.0,0.0,0.0,1640873401.2286873,0.0,0.0,0.0,0.0,0.0,0.0,0.0,1.0,1.0,54.0,54.0,54.0,0.0,0.0,0.0,0.0,1.0,0.0,0.0,0.0,0.0,0.0,1.0,54.0,0.0,0.0,0.0,0.0,0.0,0.0,0.0,0.0,1.0,54.0,0.0,0.0,0.0,0.0,1.0,40.0,0.0,0.0,0.0,0.0,0.0,0.0,0.0,0.0,None
192.168.18.9:45746<->198.16.66.99:45746,192.168.18.9,45746.0,198.16.66.99,80.0,TCP,0.0,1.0,1.0,0.0,66.0,0.0,66.0,66.0,66.0,0.0,0.0,0.0,0.0,0.0,66.0,1.0,0.0,0.0,0.0,0.0,0.0,0.0,0.0,1640873400.9523375,1640873400.9523375,0.0,0.0,0.0,1640873400.9523375,0.0,0.0,0.0,0.0,0.0,0.0,0.0,1.0,1.0,66.0,66.0,66.0,0.0,0.0,1.0,0.0,0.0,0.0,1.0,0.0,0.0,0.0,1.0,66.0,0.0,0.0,0.0,0.0,0.0,0.0,0.0,0.0,1.0,66.0,0.0,0.0,502.0,0.0,1.0,52.0,0.0,0.0,0.0,0.0,0.0,0.0,0.0,0.0,None
192.168.18.9:43502<->207.244.89.161:43502,192.168.18.9,43502.0,207.244.89.161,80.0,TCP,0.0,1.0,1.0,0.0,54.0,0.0,54.0,54.0,54.0,0.0,0.0,0.0,0.0,0.0,54.0,1.0,0.0,0.0,0.0,0.0,0.0,0.0,0.0,1640873401.8954191,1640873401.8954191,0.0,0.0,0.0,1640873401.8954191,0.0,0.0,0.0,0.0,0.0,0.0,0.0,1.0,1.0,54.0,54.0,54.0,0.0,0.0,0.0,0.0,1.0,0.0,0.0,0.0,0.0,0.0,1.0,54.0,0.0,0.0,0.0,0.0,0.0,0.0,0.0,0.0,1.0,54.0,0.0,0.0,0.0,0.0,1.0,40.0,0.0,0.0,0.0,0.0,0.0,0.0,0.0,0.0,None
34.120.208.123:443<->192.168.18.9:443,34.120.208.123,443.0,192.168.18.9,52530.0,TCP,0.0,1.0,1.0,0.0,66.0,0.0,66.0,66.0,66.0,0.0,0.0,0.0,0.0,0.0,66.0,1.0,0.0,0.0,0.0,0.0,0.0,0.0,0.0,1640873049.4563763,1640873049.4563763,0.0,0.0,0.0,1640873049.4563763,0.0,0.0,0.0,0.0,0.0,0.0,0.0,1.0,1.0,66.0,66.0,66.0,0.0,0.0,1.0,0.0,0.0,0.0,1.0,0.0,0.0,0.0,1.0,66.0,0.0,0.0,0.0,0.0,0.0,0.0,0.0,0.0,1.0,66.0,0.0,0.0,273.0,0.0,1.0,52.0,0.0,0.0,0.0,0.0,0.0,0.0,0.0,0.0,None
192.168.18.9:52530<->34.120.208.123:52530,192.168.18.9,52530.0,34.120.208.123,443.0,TCP,0.0,1.0,1.0,0.0,90.0,0.0,90.0,90.0,90.0,0.0,0.0,0.0,0.0,0.0,90.0,1.0,0.0,0.0,0.0,0.0,0.0,0.0,0.0,1640873049.4024584,1640873049.4024584,0.0,0.0,0.0,1640873049.4024584,0.0,1.0,0.0,0.0,0.0,0.0,0.0,1.0,1.0,90.0,90.0,90.0,0.0,0.0,1.0,0.0,0.0,1.0,1.0,0.0,0.0,0.0,1.0,90.0,24.0,0.0,0.0,0.0,0.0,0.0,0.0,0.0,1.0,90.0,0.0,0.0,501.0,0.0,1.0,76.0,0.0,0.0,0.0,0.0,0.0,0.0,0.0,0.0,None
192.168.18.9:50026<->35.232.111.17:50026,192.168.18.9,50026.0,35.232.111.17,80.0,TCP,0.0,1.0,1.0,0.0,66.0,0.0,66.0,66.0,66.0,0.0,0.0,0.0,0.0,0.0,66.0,1.0,0.0,0.0,0.0,0.0,0.0,0.0,0.0,1640872952.5878787,1640872952.5878787,0.0,0.0,0.0,1640872952.5878787,0.0,0.0,0.0,0.0,0.0,0.0,0.0,1.0,1.0,66.0,66.0,66.0,0.0,0.0,1.0,0.0,0.0,0.0,1.0,0.0,0.0,0.0,1.0,66.0,0.0,0.0,0.0,0.0,0.0,0.0,0.0,0.0,1.0,66.0,0.0,0.0,501.0,0.0,1.0,52.0,0.0,0.0,0.0,0.0,0.0,0.0,0.0,0.0,None
35.232.111.17:80<->192.168.18.9:80,35.232.111.17,80.0,192.168.18.9,50026.0,TCP,0.0,1.0,1.0,0.0,66.0,0.0,66.0,66.0,66.0,0.0,0.0,0.0,0.0,0.0,66.0,1.0,0.0,0.0,0.0,0.0,0.0,0.0,0.0,1640872952.58908,1640872952.58908,0.0,0.0,0.0,1640872952.58908,0.0,0.0,0.0,0.0,0.0,0.0,0.0,1.0,1.0,66.0,66.0,66.0,0.0,0.0,1.0,0.0,0.0,0.0,1.0,0.0,0.0,0.0,1.0,66.0,0.0,0.0,0.0,0.0,0.0,0.0,0.0,0.0,1.0,66.0,0.0,0.0,508.0,0.0,1.0,52.0,0.0,0.0,0.0,0.0,0.0,0.0,0.0,0.0,None
192.168.18.9:46718<->35.232.111.17:46718,192.168.18.9,46718.0,35.232.111.17,80.0,TCP,0.0,1.0,1.0,0.0,66.0,0.0,66.0,66.0,66.0,0.0,0.0,0.0,0.0,0.0,66.0,1.0,0.0,0.0,0.0,0.0,0.0,0.0,0.0,1640861673.3832736,1640861673.3832736,0.0,0.0,0.0,1640861673.3832736,0.0,0.0,0.0,0.0,0.0,0.0,0.0,1.0,1.0,66.0,66.0,66.0,0.0,0.0,1.0,0.0,0.0,0.0,1.0,0.0,0.0,0.0,1.0,66.0,0.0,0.0,0.0,0.0,0.0,0.0,0.0,0.0,1.0,66.0,0.0,0.0,501.0,0.0,1.0,52.0,0.0,0.0,0.0,0.0,0.0,0.0,0.0,0.0,None
35.232.111.17:80<->192.168.18.9:80,35.232.111.17,80.0,192.168.18.9,46718.0,TCP,0.0,1.0,1.0,0.0,66.0,0.0,66.0,66.0,66.0,0.0,0.0,0.0,0.0,0.0,66.0,1.0,0.0,0.0,0.0,0.0,0.0,0.0,0.0,1640861673.3836477,1640861673.3836477,0.0,0.0,0.0,1640861673.3836477,0.0,0.0,0.0,0.0,0.0,0.0,0.0,1.0,1.0,66.0,66.0,66.0,0.0,0.0,1.0,0.0,0.0,0.0,1.0,0.0,0.0,0.0,1.0,66.0,0.0,0.0,0.0,0.0,0.0,0.0,0.0,0.0,1.0,66.0,0.0,0.0,508.0,0.0,1.0,52.0,0.0,0.0,0.0,0.0,0.0,0.0,0.0,0.0,None
174.129.247.193:443<->192.168.18.9:443,174.129.247.193,443.0,192.168.18.9,42438.0,TCP,0.0,1.0,1.0,0.0,66.0,0.0,66.0,66.0,66.0,0.0,0.0,0.0,0.0,0.0,66.0,1.0,0.0,0.0,0.0,0.0,0.0,0.0,0.0,1640857628.9284213,1640857628.9284213,0.0,0.0,0.0,1640857628.9284213,0.0,0.0,0.0,0.0,0.0,0.0,0.0,1.0,1.0,66.0,66.0,66.0,0.0,0.0,1.0,0.0,0.0,0.0,1.0,0.0,0.0,0.0,1.0,66.0,0.0,0.0,0.0,0.0,0.0,0.0,0.0,0.0,1.0,66.0,0.0,0.0,128.0,0.0,1.0,52.0,0.0,0.0,0.0,0.0,0.0,0.0,0.0,0.0,None
192.168.18.9:42422<->174.129.247.193:42422,192.168.18.9,42422.0,174.129.247.193,443.0,TCP,0.0,1.0,1.0,0.0,66.0,0.0,66.0,66.0,66.0,0.0,0.0,0.0,0.0,0.0,66.0,1.0,0.0,0.0,0.0,0.0,0.0,0.0,0.0,1640857617.4804823,1640857617.4804823,0.0,0.0,0.0,1640857617.4804823,0.0,0.0,0.0,0.0,0.0,0.0,0.0,1.0,1.0,66.0,66.0,66.0,0.0,0.0,1.0,0.0,0.0,0.0,1.0,0.0,0.0,0.0,1.0,66.0,0.0,0.0,0.0,0.0,0.0,0.0,0.0,0.0,1.0,66.0,0.0,0.0,501.0,0.0,1.0,52.0,0.0,0.0,0.0,0.0,0.0,0.0,0.0,0.0,None
192.168.18.9:39554<->18.209.145.64:39554,192.168.18.9,39554.0,18.209.145.64,443.0,TCP,0.0,1.0,1.0,0.0,66.0,0.0,66.0,66.0,66.0,0.0,0.0,0.0,0.0,0.0,66.0,1.0,0.0,0.0,0.0,0.0,0.0,0.0,0.0,1640857606.5692043,1640857606.5692043,0.0,0.0,0.0,1640857606.5692043,0.0,0.0,0.0,0.0,0.0,0.0,0.0,1.0,1.0,66.0,66.0,66.0,0.0,0.0,1.0,0.0,0.0,0.0,1.0,0.0,0.0,0.0,1.0,66.0,0.0,0.0,0.0,0.0,0.0,0.0,0.0,0.0,1.0,66.0,0.0,0.0,501.0,0.0,1.0,52.0,0.0,0.0,0.0,0.0,0.0,0.0,0.0,0.0,None
13.107.5.93:443<->192.168.18.9:443,13.107.5.93,443.0,192.168.18.9,45554.0,TCP,0.0,1.0,1.0,0.0,88.0,0.0,88.0,88.0,88.0,0.0,0.0,0.0,0.0,0.0,88.0,1.0,0.0,0.0,0.0,0.0,0.0,0.0,0.0,1640818389.333768,1640818389.333768,0.0,0.0,0.0,1640818389.333768,0.0,1.0,0.0,0.0,0.0,0.0,0.0,1.0,1.0,88.0,88.0,88.0,0.0,0.0,1.0,0.0,0.0,1.0,1.0,0.0,0.0,0.0,1.0,88.0,34.0,0.0,0.0,0.0,0.0,0.0,0.0,0.0,1.0,88.0,0.0,0.0,2047.0,0.0,1.0,74.0,0.0,0.0,0.0,0.0,0.0,0.0,0.0,0.0,None
192.168.18.9:45554<->13.107.5.93:45554,192.168.18.9,45554.0,13.107.5.93,443.0,TCP,0.0,1.0,1.0,0.0,54.0,0.0,54.0,54.0,54.0,0.0,0.0,0.0,0.0,0.0,54.0,1.0,0.0,0.0,0.0,0.0,0.0,0.0,0.0,1640818389.3344097,1640818389.3344097,0.0,0.0,0.0,1640818389.3344097,0.0,0.0,0.0,0.0,0.0,0.0,0.0,1.0,1.0,54.0,54.0,54.0,0.0,0.0,1.0,0.0,0.0,0.0,1.0,0.0,0.0,0.0,1.0,54.0,0.0,0.0,0.0,0.0,0.0,0.0,0.0,0.0,1.0,54.0,0.0,0.0,501.0,0.0,1.0,40.0,0.0,0.0,0.0,0.0,0.0,0.0,0.0,0.0,None
13.107.5.93:443<->192.168.18.9:443,13.107.5.93,443.0,192.168.18.9,45548.0,TCP,0.0,1.0,1.0,0.0,88.0,0.0,88.0,88.0,88.0,0.0,0.0,0.0,0.0,0.0,88.0,1.0,0.0,0.0,0.0,0.0,0.0,0.0,0.0,1640818372.853067,1640818372.853067,0.0,0.0,0.0,1640818372.853067,0.0,1.0,0.0,0.0,0.0,0.0,0.0,1.0,1.0,88.0,88.0,88.0,0.0,0.0,1.0,0.0,0.0,1.0,1.0,0.0,0.0,0.0,1.0,88.0,34.0,0.0,0.0,0.0,0.0,0.0,0.0,0.0,1.0,88.0,0.0,0.0,2047.0,0.0,1.0,74.0,0.0,0.0,0.0,0.0,0.0,0.0,0.0,0.0,None
192.168.18.9:45548<->13.107.5.93:45548,192.168.18.9,45548.0,13.107.5.93,443.0,TCP,0.0,1.0,1.0,0.0,54.0,0.0,54.0,54.0,54.0,0.0,0.0,0.0,0.0,0.0,54.0,1.0,0.0,0.0,0.0,0.0,0.0,0.0,0.0,1640818372.8538604,1640818372.8538604,0.0,0.0,0.0,1640818372.8538604,0.0,0.0,0.0,0.0,0.0,0.0,0.0,1.0,1.0,54.0,54.0,54.0,0.0,0.0,1.0,0.0,0.0,0.0,1.0,0.0,0.0,0.0,1.0,54.0,0.0,0.0,0.0,0.0,0.0,0.0,0.0,0.0,1.0,54.0,0.0,0.0,501.0,0.0,1.0,40.0,0.0,0.0,0.0,0.0,0.0,0.0,0.0,0.0,None
40.77.226.250:443<->192.168.18.9:443,40.77.226.250,443.0,192.168.18.9,42184.0,TCP,0.0,1.0,1.0,0.0,368.0,0.0,368.0,368.0,368.0,0.0,0.0,0.0,0.0,0.0,368.0,1.0,0.0,0.0,0.0,0.0,0.0,0.0,0.0,1640818333.295267,1640818333.295267,0.0,0.0,0.0,1640818333.295267,0.0,1.0,0.0,0.0,0.0,0.0,0.0,1.0,1.0,368.0,368.0,368.0,0.0,0.0,1.0,0.0,0.0,1.0,1.0,0.0,0.0,0.0,1.0,368.0,314.0,0.0,0.0,0.0,0.0,0.0,0.0,0.0,1.0,368.0,0.0,0.0,2051.0,0.0,1.0,354.0,0.0,0.0,0.0,0.0,0.0,0.0,0.0,0.0,None
192.168.18.9:42184<->40.77.226.250:42184,192.168.18.9,42184.0,40.77.226.250,443.0,TCP,0.0,1.0,1.0,0.0,54.0,0.0,54.0,54.0,54.0,0.0,0.0,0.0,0.0,0.0,54.0,1.0,0.0,0.0,0.0,0.0,0.0,0.0,0.0,1640818333.2957394,1640818333.2957394,0.0,0.0,0.0,1640818333.2957394,0.0,0.0,0.0,0.0,0.0,0.0,0.0,1.0,1.0,54.0,54.0,54.0,0.0,0.0,1.0,0.0,0.0,0.0,1.0,0.0,0.0,0.0,1.0,54.0,0.0,0.0,0.0,0.0,0.0,0.0,0.0,0.0,1.0,54.0,0.0,0.0,501.0,0.0,1.0,40.0,0.0,0.0,0.0,0.0,0.0,0.0,0.0,0.0,None
40.77.226.250:443<->192.168.18.9:443,40.77.226.250,443.0,192.168.18.9,42180.0,TCP,0.0,1.0,1.0,0.0,368.0,0.0,368.0,368.0,368.0,0.0,0.0,0.0,0.0,0.0,368.0,1.0,0.0,0.0,0.0,0.0,0.0,0.0,0.0,1640818314.4226277,1640818314.4226277,0.0,0.0,0.0,1640818314.4226277,0.0,1.0,0.0,0.0,0.0,0.0,0.0,1.0,1.0,368.0,368.0,368.0,0.0,0.0,1.0,0.0,0.0,1.0,1.0,0.0,0.0,0.0,1.0,368.0,314.0,0.0,0.0,0.0,0.0,0.0,0.0,0.0,1.0,368.0,0.0,0.0,2051.0,0.0,1.0,354.0,0.0,0.0,0.0,0.0,0.0,0.0,0.0,0.0,None
192.168.18.9:42180<->40.77.226.250:42180,192.168.18.9,42180.0,40.77.226.250,443.0,TCP,0.0,1.0,1.0,0.0,54.0,0.0,54.0,54.0,54.0,0.0,0.0,0.0,0.0,0.0,54.0,1.0,0.0,0.0,0.0,0.0,0.0,0.0,0.0,1640818314.423133,1640818314.423133,0.0,0.0,0.0,1640818314.423133,0.0,0.0,0.0,0.0,0.0,0.0,0.0,1.0,1.0,54.0,54.0,54.0,0.0,0.0,1.0,0.0,0.0,0.0,1.0,0.0,0.0,0.0,1.0,54.0,0.0,0.0,0.0,0.0,0.0,0.0,0.0,0.0,1.0,54.0,0.0,0.0,501.0,0.0,1.0,40.0,0.0,0.0,0.0,0.0,0.0,0.0,0.0,0.0,None
40.77.226.250:443<->192.168.18.9:443,40.77.226.250,443.0,192.168.18.9,42174.0,TCP,0.0,1.0,1.0,0.0,368.0,0.0,368.0,368.0,368.0,0.0,0.0,0.0,0.0,0.0,368.0,1.0,0.0,0.0,0.0,0.0,0.0,0.0,0.0,1640818298.386188,1640818298.386188,0.0,0.0,0.0,1640818298.386188,0.0,1.0,0.0,0.0,0.0,0.0,0.0,1.0,1.0,368.0,368.0,368.0,0.0,0.0,1.0,0.0,0.0,1.0,1.0,0.0,0.0,0.0,1.0,368.0,314.0,0.0,0.0,0.0,0.0,0.0,0.0,0.0,1.0,368.0,0.0,0.0,1025.0,0.0,1.0,354.0,0.0,0.0,0.0,0.0,0.0,0.0,0.0,0.0,None
142.250.181.98:443<->192.168.18.9:443,142.250.181.98,443.0,192.168.18.9,38274.0,TCP,0.0,1.0,1.0,0.0,54.0,0.0,54.0,54.0,54.0,0.0,0.0,0.0,0.0,0.0,54.0,1.0,0.0,0.0,0.0,0.0,0.0,0.0,0.0,1640816186.3712869,1640816186.3712869,0.0,0.0,0.0,1640816186.3712869,0.0,0.0,0.0,0.0,0.0,0.0,0.0,1.0,1.0,54.0,54.0,54.0,0.0,0.0,0.0,0.0,1.0,0.0,0.0,0.0,0.0,0.0,1.0,54.0,0.0,0.0,0.0,0.0,0.0,0.0,0.0,0.0,1.0,54.0,0.0,0.0,0.0,0.0,1.0,40.0,0.0,0.0,0.0,0.0,0.0,0.0,0.0,0.0,None
192.168.18.9:40992<->40.77.226.250:40992,192.168.18.9,40992.0,40.77.226.250,443.0,TCP,0.0,1.0,1.0,0.0,54.0,0.0,54.0,54.0,54.0,0.0,0.0,0.0,0.0,0.0,54.0,1.0,0.0,0.0,0.0,0.0,0.0,0.0,0.0,1640811562.8322375,1640811562.8322375,0.0,0.0,0.0,1640811562.8322375,0.0,0.0,0.0,0.0,0.0,0.0,0.0,1.0,1.0,54.0,54.0,54.0,0.0,0.0,1.0,0.0,0.0,0.0,1.0,0.0,0.0,0.0,1.0,54.0,0.0,0.0,0.0,0.0,0.0,0.0,0.0,0.0,1.0,54.0,0.0,0.0,501.0,0.0,1.0,40.0,0.0,0.0,0.0,0.0,0.0,0.0,0.0,0.0,None
40.77.226.250:443<->192.168.18.9:443,40.77.226.250,443.0,192.168.18.9,40992.0,TCP,0.0,1.0,1.0,0.0,368.0,0.0,368.0,368.0,368.0,0.0,0.0,0.0,0.0,0.0,368.0,1.0,0.0,0.0,0.0,0.0,0.0,0.0,0.0,1640811562.8313627,1640811562.8313627,0.0,0.0,0.0,1640811562.8313627,0.0,1.0,0.0,0.0,0.0,0.0,0.0,1.0,1.0,368.0,368.0,368.0,0.0,0.0,1.0,0.0,0.0,1.0,1.0,0.0,0.0,0.0,1.0,368.0,314.0,0.0,0.0,0.0,0.0,0.0,0.0,0.0,1.0,368.0,0.0,0.0,2051.0,0.0,1.0,354.0,0.0,0.0,0.0,0.0,0.0,0.0,0.0,0.0,None
192.168.18.9:53274<->34.120.208.123:53274,192.168.18.9,53274.0,34.120.208.123,443.0,TCP,0.0,1.0,1.0,0.0,97.0,0.0,97.0,97.0,97.0,0.0,0.0,0.0,0.0,0.0,97.0,1.0,0.0,0.0,0.0,0.0,0.0,0.0,0.0,1640802218.5160928,1640802218.5160928,0.0,0.0,0.0,1640802218.5160928,0.0,1.0,0.0,0.0,0.0,0.0,0.0,1.0,1.0,97.0,97.0,97.0,0.0,0.0,1.0,0.0,0.0,1.0,1.0,0.0,0.0,0.0,1.0,97.0,31.0,0.0,0.0,0.0,0.0,0.0,0.0,0.0,1.0,97.0,0.0,0.0,501.0,0.0,1.0,83.0,0.0,0.0,0.0,0.0,0.0,0.0,0.0,0.0,None
192.168.18.9:52850<->54.230.151.66:52850,192.168.18.9,52850.0,54.230.151.66,443.0,TCP,0.0,1.0,1.0,0.0,66.0,0.0,66.0,66.0,66.0,0.0,0.0,0.0,0.0,0.0,66.0,1.0,0.0,0.0,0.0,0.0,0.0,0.0,0.0,1640803183.9807513,1640803183.9807513,0.0,0.0,0.0,1640803183.9807513,0.0,0.0,0.0,0.0,0.0,0.0,0.0,1.0,1.0,66.0,66.0,66.0,0.0,0.0,1.0,0.0,0.0,0.0,1.0,0.0,0.0,0.0,1.0,66.0,0.0,0.0,0.0,0.0,0.0,0.0,0.0,0.0,1.0,66.0,0.0,0.0,501.0,0.0,1.0,52.0,0.0,0.0,0.0,0.0,0.0,0.0,0.0,0.0,None
54.230.151.66:443<->192.168.18.9:443,54.230.151.66,443.0,192.168.18.9,52850.0,TCP,0.0,1.0,1.0,0.0,66.0,0.0,66.0,66.0,66.0,0.0,0.0,0.0,0.0,0.0,66.0,1.0,0.0,0.0,0.0,0.0,0.0,0.0,0.0,1640803184.0708482,1640803184.0708482,0.0,0.0,0.0,1640803184.0708482,0.0,0.0,0.0,0.0,0.0,0.0,0.0,1.0,1.0,66.0,66.0,66.0,0.0,0.0,1.0,0.0,0.0,0.0,1.0,0.0,0.0,0.0,1.0,66.0,0.0,0.0,0.0,0.0,0.0,0.0,0.0,0.0,1.0,66.0,0.0,0.0,7.0,0.0,1.0,52.0,0.0,0.0,0.0,0.0,0.0,0.0,0.0,0.0,None
192.168.18.9:52850<->54.230.151.66:52850,192.168.18.9,52850.0,54.230.151.66,443.0,TCP,0.0,1.0,1.0,0.0,66.0,0.0,66.0,66.0,66.0,0.0,0.0,0.0,0.0,0.0,66.0,1.0,0.0,0.0,0.0,0.0,0.0,0.0,0.0,1640803183.7496777,1640803183.7496777,0.0,0.0,0.0,1640803183.7496777,0.0,0.0,0.0,0.0,0.0,0.0,0.0,1.0,1.0,66.0,66.0,66.0,0.0,0.0,1.0,0.0,0.0,0.0,1.0,0.0,0.0,0.0,1.0,66.0,0.0,0.0,0.0,0.0,0.0,0.0,0.0,0.0,1.0,66.0,0.0,0.0,501.0,0.0,1.0,52.0,0.0,0.0,0.0,0.0,0.0,0.0,0.0,0.0,None
35.224.170.84:80<->192.168.18.9:80,35.224.170.84,80.0,192.168.18.9,50876.0,TCP,0.0,1.0,1.0,0.0,66.0,0.0,66.0,66.0,66.0,0.0,0.0,0.0,0.0,0.0,66.0,1.0,0.0,0.0,0.0,0.0,0.0,0.0,0.0,1640802027.0127563,1640802027.0127563,0.0,0.0,0.0,1640802027.0127563,0.0,0.0,0.0,0.0,0.0,0.0,0.0,1.0,1.0,66.0,66.0,66.0,0.0,0.0,1.0,0.0,0.0,0.0,1.0,0.0,0.0,0.0,1.0,66.0,0.0,0.0,0.0,0.0,0.0,0.0,0.0,0.0,1.0,66.0,0.0,0.0,508.0,0.0,1.0,52.0,0.0,0.0,0.0,0.0,0.0,0.0,0.0,0.0,None
192.168.18.9:50876<->35.224.170.84:50876,192.168.18.9,50876.0,35.224.170.84,80.0,TCP,0.0,1.0,1.0,0.0,66.0,0.0,66.0,66.0,66.0,0.0,0.0,0.0,0.0,0.0,66.0,1.0,0.0,0.0,0.0,0.0,0.0,0.0,0.0,1640802027.0121884,1640802027.0121884,0.0,0.0,0.0,1640802027.0121884,0.0,0.0,0.0,0.0,0.0,0.0,0.0,1.0,1.0,66.0,66.0,66.0,0.0,0.0,1.0,0.0,0.0,0.0,1.0,0.0,0.0,0.0,1.0,66.0,0.0,0.0,0.0,0.0,0.0,0.0,0.0,0.0,1.0,66.0,0.0,0.0,501.0,0.0,1.0,52.0,0.0,0.0,0.0,0.0,0.0,0.0,0.0,0.0,None
192.168.18.9:43538<->34.117.237.239:43538,192.168.18.9,43538.0,34.117.237.239,443.0,TCP,0.0,1.0,1.0,0.0,90.0,0.0,90.0,90.0,90.0,0.0,0.0,0.0,0.0,0.0,90.0,1.0,0.0,0.0,0.0,0.0,0.0,0.0,0.0,1640802459.0781224,1640802459.0781224,0.0,0.0,0.0,1640802459.0781224,0.0,1.0,0.0,0.0,0.0,0.0,0.0,1.0,1.0,90.0,90.0,90.0,0.0,0.0,1.0,0.0,0.0,1.0,1.0,0.0,0.0,0.0,1.0,90.0,24.0,0.0,0.0,0.0,0.0,0.0,0.0,0.0,1.0,90.0,0.0,0.0,501.0,0.0,1.0,76.0,0.0,0.0,0.0,0.0,0.0,0.0,0.0,0.0,None
34.117.237.239:443<->192.168.18.9:443,34.117.237.239,443.0,192.168.18.9,43538.0,TCP,0.0,0.000442112,2.0,0.0,132.0,0.0,66.0,66.0,66.0,0.0,0.0,0.0,0.0,0.0,298566.8789808917,4523.740590619572,0.0004420280456542,0.0,0.0004420280456542,0.0004420280456542,0.00044193,0.00044193,0.0,0.00044193,0.00044193,0.0,0.0,0.0,0.00044193,0.0,0.0,0.0,0.0,0.0,0.0,0.0,4523.740590619572,0.0,66.0,66.0,66.0,0.0,0.0,1.0,0.0,0.0,0.0,2.0,0.0,0.0,0.0,1.0,66.0,0.0,0.0,0.0,0.0,0.0,0.0,0.0,0.0,2.0,132.0,0.0,0.0,269.0,0.0,2.0,52.0,4.420280456542969e-13,0.0,4.420280456542969e-13,0.0,0.0,0.0,0.0,0.0,None
52.87.63.89:443<->192.168.18.9:443,52.87.63.89,443.0,192.168.18.9,57558.0,TCP,0.0,1.0,1.0,0.0,66.0,0.0,66.0,66.0,66.0,0.0,0.0,0.0,0.0,0.0,66.0,1.0,0.0,0.0,0.0,0.0,0.0,0.0,0.0,1640705954.3861403,1640705954.3861403,0.0,0.0,0.0,1640705954.3861403,0.0,0.0,0.0,0.0,0.0,0.0,0.0,1.0,1.0,66.0,66.0,66.0,0.0,0.0,1.0,0.0,0.0,0.0,1.0,0.0,0.0,0.0,1.0,66.0,0.0,0.0,0.0,0.0,0.0,0.0,0.0,0.0,1.0,66.0,0.0,0.0,128.0,0.0,1.0,52.0,0.0,0.0,0.0,0.0,0.0,0.0,0.0,0.0,None
192.168.18.9:57558<->52.87.63.89:57558,192.168.18.9,57558.0,52.87.63.89,443.0,TCP,0.0,1.0,1.0,0.0,66.0,0.0,66.0,66.0,66.0,0.0,0.0,0.0,0.0,0.0,66.0,1.0,0.0,0.0,0.0,0.0,0.0,0.0,0.0,1640705954.1052096,1640705954.1052096,0.0,0.0,0.0,1640705954.1052096,0.0,0.0,0.0,0.0,0.0,0.0,0.0,1.0,1.0,66.0,66.0,66.0,0.0,0.0,1.0,0.0,0.0,0.0,1.0,0.0,0.0,0.0,1.0,66.0,0.0,0.0,0.0,0.0,0.0,0.0,0.0,0.0,1.0,66.0,0.0,0.0,501.0,0.0,1.0,52.0,0.0,0.0,0.0,0.0,0.0,0.0,0.0,0.0,None
35.224.170.84:80<->192.168.18.9:80,35.224.170.84,80.0,192.168.18.9,50886.0,TCP,0.0,1.0,1.0,0.0,66.0,0.0,66.0,66.0,66.0,0.0,0.0,0.0,0.0,0.0,66.0,1.0,0.0,0.0,0.0,0.0,0.0,0.0,0.0,1640802331.771256,1640802331.771256,0.0,0.0,0.0,1640802331.771256,0.0,0.0,0.0,0.0,0.0,0.0,0.0,1.0,1.0,66.0,66.0,66.0,0.0,0.0,1.0,0.0,0.0,0.0,1.0,0.0,0.0,0.0,1.0,66.0,0.0,0.0,0.0,0.0,0.0,0.0,0.0,0.0,1.0,66.0,0.0,0.0,508.0,0.0,1.0,52.0,0.0,0.0,0.0,0.0,0.0,0.0,0.0,0.0,None
192.168.18.9:50886<->35.224.170.84:50886,192.168.18.9,50886.0,35.224.170.84,80.0,TCP,0.0,7.3728e-05,2.0,0.0,132.0,0.0,66.0,66.0,66.0,0.0,0.0,0.0,0.0,0.0,1790364.5833333335,27126.73611111112,7.390975952148438e-05,0.0,7.390975952148438e-05,7.390975952148438e-05,7.393e-05,7.393e-05,0.0,7.393e-05,7.393e-05,0.0,0.0,0.0,7.393e-05,0.0,0.0,0.0,0.0,0.0,0.0,0.0,27126.73611111112,0.0,66.0,66.0,66.0,0.0,0.0,1.0,0.0,0.0,0.0,2.0,0.0,0.0,0.0,1.0,66.0,0.0,0.0,0.0,0.0,0.0,0.0,0.0,0.0,2.0,132.0,0.0,0.0,501.0,0.0,2.0,52.0,7.390975952148437e-14,0.0,7.390975952148437e-14,0.0,0.0,0.0,0.0,0.0,None
35.232.111.17:80<->192.168.18.9:80,35.232.111.17,80.0,192.168.18.9,45862.0,TCP,0.0,1.0,1.0,0.0,66.0,0.0,66.0,66.0,66.0,0.0,0.0,0.0,0.0,0.0,66.0,1.0,0.0,0.0,0.0,0.0,0.0,0.0,0.0,1640803226.9648914,1640803226.9648914,0.0,0.0,0.0,1640803226.9648914,0.0,0.0,0.0,0.0,0.0,0.0,0.0,1.0,1.0,66.0,66.0,66.0,0.0,0.0,1.0,0.0,0.0,0.0,1.0,0.0,0.0,0.0,1.0,66.0,0.0,0.0,0.0,0.0,0.0,0.0,0.0,0.0,1.0,66.0,0.0,0.0,508.0,0.0,1.0,52.0,0.0,0.0,0.0,0.0,0.0,0.0,0.0,0.0,None
192.168.18.9:45862<->35.232.111.17:45862,192.168.18.9,45862.0,35.232.111.17,80.0,TCP,0.0,1.0,1.0,0.0,66.0,0.0,66.0,66.0,66.0,0.0,0.0,0.0,0.0,0.0,66.0,1.0,0.0,0.0,0.0,0.0,0.0,0.0,0.0,1640803226.9646292,1640803226.9646292,0.0,0.0,0.0,1640803226.9646292,0.0,0.0,0.0,0.0,0.0,0.0,0.0,1.0,1.0,66.0,66.0,66.0,0.0,0.0,1.0,0.0,0.0,0.0,1.0,0.0,0.0,0.0,1.0,66.0,0.0,0.0,0.0,0.0,0.0,0.0,0.0,0.0,1.0,66.0,0.0,0.0,501.0,0.0,1.0,52.0,0.0,0.0,0.0,0.0,0.0,0.0,0.0,0.0,None
40.77.226.250:443<->192.168.18.9:443,40.77.226.250,443.0,192.168.18.9,40590.0,TCP,0.0,1.0,1.0,0.0,368.0,0.0,368.0,368.0,368.0,0.0,0.0,0.0,0.0,0.0,368.0,1.0,0.0,0.0,0.0,0.0,0.0,0.0,0.0,1640809440.199998,1640809440.199998,0.0,0.0,0.0,1640809440.199998,0.0,1.0,0.0,0.0,0.0,0.0,0.0,1.0,1.0,368.0,368.0,368.0,0.0,0.0,1.0,0.0,0.0,1.0,1.0,0.0,0.0,0.0,1.0,368.0,314.0,0.0,0.0,0.0,0.0,0.0,0.0,0.0,1.0,368.0,0.0,0.0,1025.0,0.0,1.0,354.0,0.0,0.0,0.0,0.0,0.0,0.0,0.0,0.0,None
192.168.18.9:40590<->40.77.226.250:40590,192.168.18.9,40590.0,40.77.226.250,443.0,TCP,0.0,1.0,1.0,0.0,54.0,0.0,54.0,54.0,54.0,0.0,0.0,0.0,0.0,0.0,54.0,1.0,0.0,0.0,0.0,0.0,0.0,0.0,0.0,1640809440.2007468,1640809440.2007468,0.0,0.0,0.0,1640809440.2007468,0.0,0.0,0.0,0.0,0.0,0.0,0.0,1.0,1.0,54.0,54.0,54.0,0.0,0.0,1.0,0.0,0.0,0.0,1.0,0.0,0.0,0.0,1.0,54.0,0.0,0.0,0.0,0.0,0.0,0.0,0.0,0.0,1.0,54.0,0.0,0.0,501.0,0.0,1.0,40.0,0.0,0.0,0.0,0.0,0.0,0.0,0.0,0.0,None
35.186.227.140:443<->192.168.18.9:443,35.186.227.140,443.0,192.168.18.9,35584.0,TCP,0.0,1.0,1.0,0.0,66.0,0.0,66.0,66.0,66.0,0.0,0.0,0.0,0.0,0.0,66.0,1.0,0.0,0.0,0.0,0.0,0.0,0.0,0.0,1640802181.568296,1640802181.568296,0.0,0.0,0.0,1640802181.568296,0.0,0.0,0.0,0.0,0.0,0.0,0.0,1.0,1.0,66.0,66.0,66.0,0.0,0.0,1.0,0.0,0.0,0.0,1.0,0.0,0.0,0.0,1.0,66.0,0.0,0.0,0.0,0.0,0.0,0.0,0.0,0.0,1.0,66.0,0.0,0.0,265.0,0.0,1.0,52.0,0.0,0.0,0.0,0.0,0.0,0.0,0.0,0.0,None
192.168.18.9:35584<->35.186.227.140:35584,192.168.18.9,35584.0,35.186.227.140,443.0,TCP,0.0,1.0,1.0,0.0,90.0,0.0,90.0,90.0,90.0,0.0,0.0,0.0,0.0,0.0,90.0,1.0,0.0,0.0,0.0,0.0,0.0,0.0,0.0,1640802181.5154169,1640802181.5154169,0.0,0.0,0.0,1640802181.5154169,0.0,1.0,0.0,0.0,0.0,0.0,0.0,1.0,1.0,90.0,90.0,90.0,0.0,0.0,1.0,0.0,0.0,1.0,1.0,0.0,0.0,0.0,1.0,90.0,24.0,0.0,0.0,0.0,0.0,0.0,0.0,0.0,1.0,90.0,0.0,0.0,501.0,0.0,1.0,76.0,0.0,0.0,0.0,0.0,0.0,0.0,0.0,0.0,None
192.168.18.9:59278<->140.82.113.26:59278,192.168.18.9,59278.0,140.82.113.26,443.0,TCP,0.0,1.0,1.0,0.0,66.0,0.0,66.0,66.0,66.0,0.0,0.0,0.0,0.0,0.0,66.0,1.0,0.0,0.0,0.0,0.0,0.0,0.0,0.0,1640802093.3797553,1640802093.3797553,0.0,0.0,0.0,1640802093.3797553,0.0,0.0,0.0,0.0,0.0,0.0,0.0,1.0,1.0,66.0,66.0,66.0,0.0,0.0,1.0,0.0,0.0,0.0,1.0,0.0,0.0,0.0,1.0,66.0,0.0,0.0,0.0,0.0,0.0,0.0,0.0,0.0,1.0,66.0,0.0,0.0,501.0,0.0,1.0,52.0,0.0,0.0,0.0,0.0,0.0,0.0,0.0,0.0,None
140.82.113.26:443<->192.168.18.9:443,140.82.113.26,443.0,192.168.18.9,59278.0,TCP,0.0,1.0,1.0,0.0,66.0,0.0,66.0,66.0,66.0,0.0,0.0,0.0,0.0,0.0,66.0,1.0,0.0,0.0,0.0,0.0,0.0,0.0,0.0,1640802093.3797796,1640802093.3797796,0.0,0.0,0.0,1640802093.3797796,0.0,0.0,0.0,0.0,0.0,0.0,0.0,1.0,1.0,66.0,66.0,66.0,0.0,0.0,1.0,0.0,0.0,0.0,1.0,0.0,0.0,0.0,1.0,66.0,0.0,0.0,0.0,0.0,0.0,0.0,0.0,0.0,1.0,66.0,0.0,0.0,70.0,0.0,1.0,52.0,0.0,0.0,0.0,0.0,0.0,0.0,0.0,0.0,None
140.82.113.26:443<->192.168.18.9:443,140.82.113.26,443.0,192.168.18.9,59278.0,TCP,0.0,1.0,1.0,0.0,54.0,0.0,54.0,54.0,54.0,0.0,0.0,0.0,0.0,0.0,54.0,1.0,0.0,0.0,0.0,0.0,0.0,0.0,0.0,1640802093.602767,1640802093.602767,0.0,0.0,0.0,1640802093.602767,0.0,0.0,0.0,0.0,0.0,0.0,0.0,1.0,1.0,54.0,54.0,54.0,0.0,0.0,0.0,0.0,1.0,0.0,0.0,0.0,0.0,0.0,1.0,54.0,0.0,0.0,0.0,0.0,0.0,0.0,0.0,0.0,1.0,54.0,0.0,0.0,0.0,0.0,1.0,40.0,0.0,0.0,0.0,0.0,0.0,0.0,0.0,0.0,None
140.82.113.26:443<->192.168.18.9:443,140.82.113.26,443.0,192.168.18.9,59278.0,TCP,0.0,1.0,1.0,0.0,54.0,0.0,54.0,54.0,54.0,0.0,0.0,0.0,0.0,0.0,54.0,1.0,0.0,0.0,0.0,0.0,0.0,0.0,0.0,1640802093.6021352,1640802093.6021352,0.0,0.0,0.0,1640802093.6021352,0.0,0.0,0.0,0.0,0.0,0.0,0.0,1.0,1.0,54.0,54.0,54.0,0.0,0.0,0.0,0.0,1.0,0.0,0.0,0.0,0.0,0.0,1.0,54.0,0.0,0.0,0.0,0.0,0.0,0.0,0.0,0.0,1.0,54.0,0.0,0.0,0.0,0.0,1.0,40.0,0.0,0.0,0.0,0.0,0.0,0.0,0.0,0.0,None
=======,,,,,,,,,,,,,,,,,,,,,,,,,,,,,,,,,,,,,,,,,,,,,,,,,,,,,,,,,,,,,,,,,,,,,,,,,,,,,,,,,,,
40.77.226.250:443<->192.168.18.12:443,40.77.226.250,443.0,192.168.18.12,60886.0,TCP,0.0,1.0,1.0,0.0,368.0,0.0,368.0,368.0,368.0,0.0,0.0,0.0,0.0,0.0,368.0,1.0,0.0,0.0,0.0,0.0,0.0,0.0,0.0,1640014860.5241568,1640014860.5241568,0.0,0.0,0.0,1640014860.5241568,0.0,1.0,0.0,0.0,0.0,0.0,0.0,1.0,1.0,368.0,368.0,368.0,0.0,0.0,1.0,0.0,0.0,1.0,1.0,0.0,0.0,0.0,1.0,368.0,314.0,0.0,0.0,0.0,0.0,0.0,0.0,0.0,1.0,368.0,0.0,0.0,1025.0,0.0,1.0,354.0,0.0,0.0,0.0,0.0,0.0,0.0,0.0,0.0,None
192.168.18.12:60886<->40.77.226.250:60886,192.168.18.12,60886.0,40.77.226.250,443.0,TCP,0.0,1.0,1.0,0.0,54.0,0.0,54.0,54.0,54.0,0.0,0.0,0.0,0.0,0.0,54.0,1.0,0.0,0.0,0.0,0.0,0.0,0.0,0.0,1640014860.5251808,1640014860.5251808,0.0,0.0,0.0,1640014860.5251808,0.0,0.0,0.0,0.0,0.0,0.0,0.0,1.0,1.0,54.0,54.0,54.0,0.0,0.0,1.0,0.0,0.0,0.0,1.0,0.0,0.0,0.0,1.0,54.0,0.0,0.0,0.0,0.0,0.0,0.0,0.0,0.0,1.0,54.0,0.0,0.0,501.0,0.0,1.0,40.0,0.0,0.0,0.0,0.0,0.0,0.0,0.0,0.0,None
192.168.18.12:60888<->40.77.226.250:60888,192.168.18.12,60888.0,40.77.226.250,443.0,TCP,0.0,0.000186368,2.0,0.0,139.0,0.0,54.0,85.0,69.5,21.920310216782973,0.0,0.0,0.0,0.0,745836.1950549451,10731.456043956045,0.0001864433288574,0.0,0.0001864433288574,0.0001864433288574,0.000186386,0.000186386,0.0,0.000186386,0.000186386,0.0,0.0,0.0,0.000186386,0.0,1.0,0.0,0.0,0.0,0.0,0.0,10731.456043956045,0.0,54.0,85.0,69.5,21.920310216782973,480.5,1.0,0.0,0.0,1.0,2.0,0.0,0.0,0.0,1.0,69.5,15.5,0.0,0.0,0.0,0.0,0.0,0.0,0.0,2.0,139.0,0.0,0.0,501.0,0.0,2.0,40.0,1.864433288574219e-13,0.0,1.864433288574219e-13,0.0,0.0,0.0,0.0,0.0,None
40.77.226.250:443<->192.168.18.12:443,40.77.226.250,443.0,192.168.18.12,60888.0,TCP,0.0,0.07006208,2.0,0.0,422.0,0.0,54.0,368.0,211.0,222.03152929257595,0.0,0.0,0.0,0.0,6023.229684302835,28.54611224788073,0.0700621604919433,0.0,0.0700621604919433,0.0700621604919433,0.070062195,0.070062195,0.0,0.070062195,0.070062195,0.0,0.0,0.0,0.070062195,0.0,1.0,0.0,0.0,0.0,0.0,0.0,28.54611224788073,0.0,54.0,368.0,211.0,222.03152929257595,49298.0,1.0,0.0,0.0,1.0,2.0,0.0,0.0,0.0,1.0,211.0,157.0,0.0,0.0,0.0,0.0,0.0,0.0,0.0,2.0,422.0,0.0,0.0,1025.0,0.0,2.0,40.0,7.006216049194336e-11,0.0,7.006216049194336e-11,0.0,0.0,0.0,0.0,0.0,None
35.232.111.17:80<->192.168.18.12:40370,35.232.111.17,80.0,192.168.18.12,40370.0,TCP,0.0,0.28432512,3.0,4.0,354.0,351.0,66.0,214.0,118.0,83.23460818673925,66.0,153.0,87.75,43.5,2479.555798657537,24.619702965393984,0.0473875204722086,0.1158649213560192,0.28389573097229,4.76837158203125e-07,0.283972882,0.141986441,0.2007985608082317,0.283972465,4.17e-07,0.284305644,0.094768548,0.1638783713563979,0.283972465,5.7098e-05,1.0,1.0,0.0,0.0,0.0,0.0,10.551301270883137,14.068401694510849,66.0,214.0,100.71428571428572,59.3034970461672,3516.904761904762,1.0,1.0,0.0,2.0,7.0,0.0,0.0,0.0,1.0085470085470083,100.71428571428572,49.333333333333336,21.75,265.5,1.3333333333333333,0.5833333333333334,0.0,1.5,0.65625,3.0,354.0,4.0,351.0,64768.0,502.0,3.0,52.0,2.8432512283325176e-10,0.0,2.8432512283325176e-10,0.0,0.0,0.0,0.0,0.0,None
35.232.111.17:80<->192.168.18.12:80,35.232.111.17,80.0,192.168.18.12,40370.0,TCP,0.0,1.0,1.0,0.0,66.0,0.0,66.0,66.0,66.0,0.0,0.0,0.0,0.0,0.0,66.0,1.0,0.0,0.0,0.0,0.0,0.0,0.0,0.0,1640014881.4358432,1640014881.4358432,0.0,0.0,0.0,1640014881.4358432,0.0,0.0,0.0,0.0,0.0,0.0,0.0,1.0,1.0,66.0,66.0,66.0,0.0,0.0,1.0,0.0,0.0,0.0,1.0,0.0,0.0,0.0,1.0,66.0,0.0,0.0,0.0,0.0,0.0,0.0,0.0,0.0,1.0,66.0,0.0,0.0,508.0,0.0,1.0,52.0,0.0,0.0,0.0,0.0,0.0,0.0,0.0,0.0,None
40.77.226.250:443<->192.168.18.12:443,40.77.226.250,443.0,192.168.18.12,60902.0,TCP,0.0,0.112477952,2.0,0.0,422.0,0.0,54.0,368.0,211.0,222.03152929257595,0.0,0.0,0.0,0.0,3751.846406307256,17.781262589133913,0.1124780178070068,0.0,0.1124780178070068,0.1124780178070068,0.112477899,0.112477899,0.0,0.112477899,0.112477899,0.0,0.0,0.0,0.112477899,0.0,1.0,0.0,0.0,0.0,0.0,0.0,17.781262589133913,0.0,54.0,368.0,211.0,222.03152929257595,49298.0,1.0,0.0,0.0,1.0,2.0,0.0,0.0,0.0,1.0,211.0,157.0,0.0,0.0,0.0,0.0,0.0,0.0,0.0,2.0,422.0,0.0,0.0,2051.0,0.0,2.0,40.0,1.1247801780700684e-10,0.0,1.1247801780700684e-10,0.0,0.0,0.0,0.0,0.0,None
192.168.18.12:60902<->40.77.226.250:60902,192.168.18.12,60902.0,40.77.226.250,443.0,TCP,0.0,0.000263936,2.0,0.0,139.0,0.0,54.0,85.0,69.5,21.920310216782973,0.0,0.0,0.0,0.0,526642.8225024248,7577.594568380214,0.0002639293670654,0.0,0.0002639293670654,0.0002639293670654,0.000263887,0.000263887,0.0,0.000263887,0.000263887,0.0,0.0,0.0,0.000263887,0.0,1.0,0.0,0.0,0.0,0.0,0.0,7577.594568380214,0.0,54.0,85.0,69.5,21.920310216782973,480.5,1.0,0.0,0.0,1.0,2.0,0.0,0.0,0.0,1.0,69.5,15.5,0.0,0.0,0.0,0.0,0.0,0.0,0.0,2.0,139.0,0.0,0.0,501.0,0.0,2.0,40.0,2.6392936706542973e-13,0.0,2.6392936706542973e-13,0.0,0.0,0.0,0.0,0.0,None
192.168.18.12:60904<->40.77.226.250:60904,192.168.18.12,60904.0,40.77.226.250,443.0,TCP,0.0,0.000114176,2.0,0.0,139.0,0.0,54.0,85.0,69.5,21.920310216782973,0.0,0.0,0.0,0.0,1217418.7219730942,17516.81614349776,0.0001142024993896,0.0,0.0001142024993896,0.0001142024993896,0.000114099,0.000114099,0.0,0.000114099,0.000114099,0.0,0.0,0.0,0.000114099,0.0,1.0,0.0,0.0,0.0,0.0,0.0,17516.81614349776,0.0,54.0,85.0,69.5,21.920310216782973,480.5,1.0,0.0,0.0,1.0,2.0,0.0,0.0,0.0,1.0,69.5,15.5,0.0,0.0,0.0,0.0,0.0,0.0,0.0,2.0,139.0,0.0,0.0,501.0,0.0,2.0,40.0,1.1420249938964846e-13,0.0,1.1420249938964846e-13,0.0,0.0,0.0,0.0,0.0,None
192.168.18.12:60904<->40.77.226.250:443,192.168.18.12,60904.0,40.77.226.250,443.0,TCP,0.0,0.387300096,3.0,2.0,1533.0,473.0,54.0,1332.0,511.0,712.5257890069664,105.0,368.0,236.5,185.969083452062,5179.446172923232,12.90988577498313,0.0968250632286071,0.1120508787290825,0.209183931350708,2.384185791015625e-05,0.178116219,0.0890581095,0.1247171245508595,0.177246434,0.000869785,0.210077716,0.210077716,0.0,0.177246434,0.210077716,2.0,2.0,0.0,0.0,0.0,0.0,7.745931464989877,5.163954309993252,54.0,1332.0,401.2,533.9454091946104,285097.69999999995,1.0,0.0,0.0,4.0,5.0,0.0,0.0,0.0,3.241014799154334,401.2,457.0,182.5,1149.75,1.3333333333333333,0.8333333333333333,0.0,1.0,0.625,3.0,1533.0,2.0,473.0,501.0,1023.0,3.0,40.0,3.873002529144287e-10,0.0,3.873002529144287e-10,0.0,0.0,0.0,0.0,0.0,None
40.77.226.250:443<->192.168.18.12:443,40.77.226.250,443.0,192.168.18.12,60906.0,TCP,0.0,0.060337664,2.0,0.0,422.0,0.0,54.0,368.0,211.0,222.03152929257595,0.0,0.0,0.0,0.0,6993.973117686492,33.1467920269502,0.0603375434875488,0.0,0.0603375434875488,0.0603375434875488,0.060337524,0.060337524,0.0,0.060337524,0.060337524,0.0,0.0,0.0,0.060337524,0.0,1.0,0.0,0.0,0.0,0.0,0.0,33.1467920269502,0.0,54.0,368.0,211.0,222.03152929257595,49298.0,1.0,0.0,0.0,1.0,2.0,0.0,0.0,0.0,1.0,211.0,157.0,0.0,0.0,0.0,0.0,0.0,0.0,0.0,2.0,422.0,0.0,0.0,2051.0,0.0,2.0,40.0,6.033754348754883e-11,0.0,6.033754348754883e-11,0.0,0.0,0.0,0.0,0.0,None
192.168.18.12:60906<->40.77.226.250:60906,192.168.18.12,60906.0,40.77.226.250,443.0,TCP,0.0,0.000107264,2.0,0.0,139.0,0.0,54.0,85.0,69.5,21.920310216782973,0.0,0.0,0.0,0.0,1295868.138424821,18645.584725536995,0.0001072883605957,0.0,0.0001072883605957,0.0001072883605957,0.000107384,0.000107384,0.0,0.000107384,0.000107384,0.0,0.0,0.0,0.000107384,0.0,1.0,0.0,0.0,0.0,0.0,0.0,18645.584725536995,0.0,54.0,85.0,69.5,21.920310216782973,480.5,1.0,0.0,0.0,1.0,2.0,0.0,0.0,0.0,1.0,69.5,15.5,0.0,0.0,0.0,0.0,0.0,0.0,0.0,2.0,139.0,0.0,0.0,501.0,0.0,2.0,40.0,1.0728836059570313e-13,0.0,1.0728836059570313e-13,0.0,0.0,0.0,0.0,0.0,None
40.77.226.250:443<->192.168.18.12:443,40.77.226.250,443.0,192.168.18.12,33730.0,TCP,0.0,1.0,1.0,0.0,368.0,0.0,368.0,368.0,368.0,0.0,0.0,0.0,0.0,0.0,368.0,1.0,0.0,0.0,0.0,0.0,0.0,0.0,0.0,1640025273.8871424,1640025273.8871424,0.0,0.0,0.0,1640025273.8871424,0.0,1.0,0.0,0.0,0.0,0.0,0.0,1.0,1.0,368.0,368.0,368.0,0.0,0.0,1.0,0.0,0.0,1.0,1.0,0.0,0.0,0.0,1.0,368.0,314.0,0.0,0.0,0.0,0.0,0.0,0.0,0.0,1.0,368.0,0.0,0.0,1025.0,0.0,1.0,354.0,0.0,0.0,0.0,0.0,0.0,0.0,0.0,0.0,None
13.227.250.11:443<->192.168.18.12:36346,13.227.250.11,443.0,192.168.18.12,36346.0,TCP,0.0,0.000363008,2.0,2.0,195.0,132.0,90.0,105.0,97.5,10.606601717798211,66.0,66.0,66.0,0.0,900806.593794076,11019.04090267983,0.0001209576924641,6.86853816524316e-05,0.000195026397705,5.936622619628906e-05,5.9441e-05,5.9441e-05,0.0,5.9441e-05,5.9441e-05,0.000194906,0.000194906,0.0,5.9441e-05,0.000194906,2.0,0.0,0.0,0.0,0.0,0.0,5509.520451339915,5509.520451339915,66.0,105.0,81.75,19.189841062395487,368.25,1.0,0.0,0.0,2.0,4.0,0.0,0.0,0.0,1.4772727272727273,81.75,31.5,0.0,130.0,1.5,0.6,0.0,1.5,0.6,2.0,195.0,2.0,132.0,7.0,501.0,2.0,76.0,3.628730773925781e-13,0.0,3.628730773925781e-13,0.0,0.0,0.0,0.0,0.0,None
192.168.18.12:33732<->40.77.226.250:443,192.168.18.12,33732.0,40.77.226.250,443.0,TCP,0.0,0.433281024,3.0,3.0,1526.0,527.0,54.0,1325.0,508.6666666666667,708.4930016121072,54.0,368.0,175.66666666666666,168.50618188462207,4738.264281797857,13.847825470427248,0.0866562366485595,0.1173667770201774,0.2318544387817382,3.814697265625e-05,0.199074298,0.099537149,0.1381450024225257,0.197220417,0.001853881,0.236098658,0.118049329,0.1636203315797038,0.197220417,0.002352283,2.0,2.0,0.0,0.0,0.0,0.0,6.923912735213624,6.923912735213624,54.0,1325.0,342.1666666666667,495.3880970175471,245409.36666666664,1.0,0.0,0.0,4.0,6.0,0.0,0.0,0.0,2.8956356736242883,342.1666666666667,454.6666666666667,121.66666666666669,1144.5,1.3333333333333333,0.7999999999999999,0.0,1.3333333333333333,0.7999999999999999,3.0,1526.0,3.0,527.0,501.0,1023.0,3.0,40.0,4.3328118324279767e-10,0.0,4.3328118324279767e-10,0.0,0.0,0.0,0.0,0.0,None
13.227.250.11:443<->192.168.18.12:443,13.227.250.11,443.0,192.168.18.12,36346.0,TCP,0.0,1.0,1.0,0.0,66.0,0.0,66.0,66.0,66.0,0.0,0.0,0.0,0.0,0.0,66.0,1.0,0.0,0.0,0.0,0.0,0.0,0.0,0.0,1640025276.7302244,1640025276.7302244,0.0,0.0,0.0,1640025276.7302244,0.0,0.0,0.0,0.0,0.0,0.0,0.0,1.0,1.0,66.0,66.0,66.0,0.0,0.0,1.0,0.0,0.0,0.0,1.0,0.0,0.0,0.0,1.0,66.0,0.0,0.0,0.0,0.0,0.0,0.0,0.0,0.0,1.0,66.0,0.0,0.0,7.0,0.0,1.0,52.0,0.0,0.0,0.0,0.0,0.0,0.0,0.0,0.0,None
192.168.18.12:33730<->40.77.226.250:33730,192.168.18.12,33730.0,40.77.226.250,443.0,TCP,0.0,0.000300032,2.0,0.0,139.0,0.0,54.0,85.0,69.5,21.920310216782973,0.0,0.0,0.0,0.0,463283.9163822526,6665.955631399318,0.0002999305725097,0.0,0.0002999305725097,0.0002999305725097,0.000299989,0.000299989,0.0,0.000299989,0.000299989,0.0,0.0,0.0,0.000299989,0.0,1.0,0.0,0.0,0.0,0.0,0.0,6665.955631399318,0.0,54.0,85.0,69.5,21.920310216782973,480.5,1.0,0.0,0.0,1.0,2.0,0.0,0.0,0.0,1.0,69.5,15.5,0.0,0.0,0.0,0.0,0.0,0.0,0.0,2.0,139.0,0.0,0.0,501.0,0.0,2.0,40.0,2.9993057250976564e-13,0.0,2.9993057250976564e-13,0.0,0.0,0.0,0.0,0.0,None
192.168.18.12:33732<->40.77.226.250:33732,192.168.18.12,33732.0,40.77.226.250,443.0,TCP,0.0,9.344e-05,2.0,0.0,139.0,0.0,54.0,85.0,69.5,21.920310216782973,0.0,0.0,0.0,0.0,1487585.6164383562,21404.10958904109,9.34600830078125e-05,0.0,9.34600830078125e-05,9.34600830078125e-05,9.3588e-05,9.3588e-05,0.0,9.3588e-05,9.3588e-05,0.0,0.0,0.0,9.3588e-05,0.0,1.0,0.0,0.0,0.0,0.0,0.0,21404.10958904109,0.0,54.0,85.0,69.5,21.920310216782973,480.5,1.0,0.0,0.0,1.0,2.0,0.0,0.0,0.0,1.0,69.5,15.5,0.0,0.0,0.0,0.0,0.0,0.0,0.0,2.0,139.0,0.0,0.0,501.0,0.0,2.0,40.0,9.34600830078125e-14,0.0,9.34600830078125e-14,0.0,0.0,0.0,0.0,0.0,None
13.67.9.5:443<->192.168.18.12:443,13.67.9.5,443.0,192.168.18.12,49816.0,TCP,0.0,1.0,1.0,0.0,54.0,0.0,54.0,54.0,54.0,0.0,0.0,0.0,0.0,0.0,54.0,1.0,0.0,0.0,0.0,0.0,0.0,0.0,0.0,1640025374.9422624,1640025374.9422624,0.0,0.0,0.0,1640025374.9422624,0.0,0.0,0.0,0.0,0.0,0.0,0.0,1.0,1.0,54.0,54.0,54.0,0.0,0.0,0.0,0.0,1.0,0.0,1.0,0.0,0.0,0.0,1.0,54.0,0.0,0.0,0.0,0.0,0.0,0.0,0.0,0.0,1.0,54.0,0.0,0.0,0.0,0.0,1.0,40.0,0.0,0.0,0.0,0.0,0.0,0.0,0.0,0.0,None
192.229.133.221:443<->192.168.18.12:52254,192.229.133.221,443.0,192.168.18.12,52254.0,TCP,0.0,0.000289792,1.0,2.0,123.0,132.0,123.0,123.0,123.0,0.0,66.0,66.0,66.0,0.0,879941.4752650177,10352.25265017668,0.0001448392868041,0.0001289693564433,0.0002360343933105,5.364418029785156e-05,0.0,0.0,0.0,1640025378.6028275,1640025378.6028275,0.000236068,0.000236068,0.0,1640025378.6028275,0.000236068,1.0,0.0,0.0,0.0,0.0,0.0,3450.7508833922266,6901.501766784453,66.0,123.0,85.0,32.90896534380867,1083.0,1.0,0.0,0.0,1.0,3.0,0.0,0.0,0.0,0.9318181818181818,85.0,57.0,0.0,123.0,1.0,0.5,0.0,1.5,0.75,1.0,123.0,2.0,132.0,141.0,5001.0,1.0,109.0,2.8967857360839844e-13,0.0,2.8967857360839844e-13,0.0,0.0,0.0,0.0,0.0,None
192.229.133.221:443<->192.168.18.12:52254,192.229.133.221,443.0,192.168.18.12,52254.0,TCP,0.0,4.0448e-05,1.0,1.0,90.0,54.0,90.0,90.0,90.0,0.0,54.0,54.0,54.0,0.0,3560126.5822784808,49446.20253164557,4.029273986816406e-05,0.0,4.029273986816406e-05,4.029273986816406e-05,0.0,0.0,0.0,1640025378.603212,1640025378.603212,0.0,0.0,0.0,1640025378.603212,0.0,1.0,0.0,0.0,0.0,0.0,0.0,24723.101265822785,24723.101265822785,54.0,90.0,72.0,25.45584412271571,648.0,0.0,0.0,1.0,1.0,1.0,0.0,0.0,0.0,1.6666666666666667,72.0,24.0,0.0,90.0,1.0,0.6666666666666666,0.0,1.0,0.6666666666666666,1.0,90.0,1.0,54.0,141.0,0.0,1.0,76.0,4.029273986816406e-14,0.0,4.029273986816406e-14,0.0,0.0,0.0,0.0,0.0,None
192.229.133.221:443<->192.168.18.12:443,192.229.133.221,443.0,192.168.18.12,52254.0,TCP,0.0,1.0,1.0,0.0,66.0,0.0,66.0,66.0,66.0,0.0,0.0,0.0,0.0,0.0,66.0,1.0,0.0,0.0,0.0,0.0,0.0,0.0,0.0,1640025378.6046083,1640025378.6046083,0.0,0.0,0.0,1640025378.6046083,0.0,0.0,0.0,0.0,0.0,0.0,0.0,1.0,1.0,66.0,66.0,66.0,0.0,0.0,1.0,0.0,0.0,0.0,1.0,0.0,0.0,0.0,1.0,66.0,0.0,0.0,0.0,0.0,0.0,0.0,0.0,0.0,1.0,66.0,0.0,0.0,141.0,0.0,1.0,52.0,0.0,0.0,0.0,0.0,0.0,0.0,0.0,0.0,None
192.168.18.12:52254<->192.229.133.221:52254,192.168.18.12,52254.0,192.229.133.221,443.0,TCP,0.0,1.0,1.0,0.0,54.0,0.0,54.0,54.0,54.0,0.0,0.0,0.0,0.0,0.0,54.0,1.0,0.0,0.0,0.0,0.0,0.0,0.0,0.0,1640025378.604633,1640025378.604633,0.0,0.0,0.0,1640025378.604633,0.0,0.0,0.0,0.0,0.0,0.0,0.0,1.0,1.0,54.0,54.0,54.0,0.0,0.0,0.0,0.0,1.0,0.0,0.0,0.0,0.0,0.0,1.0,54.0,0.0,0.0,0.0,0.0,0.0,0.0,0.0,0.0,1.0,54.0,0.0,0.0,0.0,0.0,1.0,40.0,0.0,0.0,0.0,0.0,0.0,0.0,0.0,0.0,None
13.67.9.5:443<->192.168.18.12:443,13.67.9.5,443.0,192.168.18.12,49820.0,TCP,0.0,1.0,1.0,0.0,54.0,0.0,54.0,54.0,54.0,0.0,0.0,0.0,0.0,0.0,54.0,1.0,0.0,0.0,0.0,0.0,0.0,0.0,0.0,1640025378.6088352,1640025378.6088352,0.0,0.0,0.0,1640025378.6088352,0.0,0.0,0.0,0.0,0.0,0.0,0.0,1.0,1.0,54.0,54.0,54.0,0.0,0.0,0.0,0.0,1.0,0.0,1.0,0.0,0.0,0.0,1.0,54.0,0.0,0.0,0.0,0.0,0.0,0.0,0.0,0.0,1.0,54.0,0.0,0.0,0.0,0.0,1.0,40.0,0.0,0.0,0.0,0.0,0.0,0.0,0.0,0.0,None
192.229.133.221:443<->192.168.18.12:52254,192.229.133.221,443.0,192.168.18.12,52254.0,TCP,0.0,3.3536e-05,1.0,1.0,66.0,54.0,66.0,66.0,66.0,0.0,54.0,54.0,54.0,0.0,3578244.2748091603,59637.40458015267,3.361701965332031e-05,0.0,3.361701965332031e-05,3.361701965332031e-05,0.0,0.0,0.0,1640025378.649034,1640025378.649034,0.0,0.0,0.0,1640025378.649034,0.0,0.0,0.0,0.0,0.0,0.0,0.0,29818.702290076337,29818.702290076337,54.0,66.0,60.0,8.48528137423857,72.0,0.0,0.0,1.0,0.0,1.0,0.0,0.0,0.0,1.2222222222222223,60.0,0.0,0.0,66.0,1.0,0.6666666666666666,0.0,1.0,0.6666666666666666,1.0,66.0,1.0,54.0,141.0,0.0,1.0,52.0,3.3617019653320314e-14,0.0,3.3617019653320314e-14,0.0,0.0,0.0,0.0,0.0,None
192.168.18.12:48404<->35.166.112.194:48404,192.168.18.12,48404.0,35.166.112.194,443.0,TCP,0.0,1.0,1.0,0.0,54.0,0.0,54.0,54.0,54.0,0.0,0.0,0.0,0.0,0.0,54.0,1.0,0.0,0.0,0.0,0.0,0.0,0.0,0.0,1640025812.630359,1640025812.630359,0.0,0.0,0.0,1640025812.630359,0.0,0.0,0.0,0.0,0.0,0.0,0.0,1.0,1.0,54.0,54.0,54.0,0.0,0.0,0.0,0.0,1.0,0.0,0.0,0.0,0.0,0.0,1.0,54.0,0.0,0.0,0.0,0.0,0.0,0.0,0.0,0.0,1.0,54.0,0.0,0.0,0.0,0.0,1.0,40.0,0.0,0.0,0.0,0.0,0.0,0.0,0.0,0.0,None
192.168.18.12:48404<->35.166.112.194:48404,192.168.18.12,48404.0,35.166.112.194,443.0,TCP,0.0,0.000105472,2.0,0.0,163.0,0.0,66.0,97.0,81.5,21.920310216782973,0.0,0.0,0.0,0.0,1545433.859223301,18962.3786407767,0.0001053810119628,0.0,0.0001053810119628,0.0001053810119628,0.000105364,0.000105364,0.0,0.000105364,0.000105364,0.0,0.0,0.0,0.000105364,0.0,1.0,0.0,0.0,0.0,0.0,0.0,18962.3786407767,0.0,66.0,97.0,81.5,21.920310216782973,480.5,1.0,0.0,0.0,1.0,2.0,0.0,0.0,0.0,1.0,81.5,15.5,0.0,0.0,0.0,0.0,0.0,0.0,0.0,2.0,163.0,0.0,0.0,501.0,0.0,2.0,52.0,1.0538101196289065e-13,0.0,1.0538101196289065e-13,0.0,0.0,0.0,0.0,0.0,None
35.166.112.194:443<->192.168.18.12:48404,35.166.112.194,443.0,192.168.18.12,48404.0,TCP,0.0,8.6016e-05,1.0,1.0,97.0,54.0,97.0,97.0,97.0,0.0,54.0,54.0,54.0,0.0,1755487.3511904762,23251.48809523809,8.606910705566406e-05,0.0,8.606910705566406e-05,8.606910705566406e-05,0.0,0.0,0.0,1640025812.630012,1640025812.630012,0.0,0.0,0.0,1640025812.630012,0.0,1.0,0.0,0.0,0.0,0.0,0.0,11625.744047619048,11625.744047619048,54.0,97.0,75.5,30.405591591021544,924.5,0.0,0.0,1.0,1.0,1.0,0.0,0.0,0.0,1.7962962962962965,75.5,31.0,0.0,97.0,1.0,0.6666666666666666,0.0,1.0,0.6666666666666666,1.0,97.0,1.0,54.0,110.0,0.0,1.0,83.0,8.606910705566409e-14,0.0,8.606910705566409e-14,0.0,0.0,0.0,0.0,0.0,None
35.166.112.194:443<->192.168.18.12:443,35.166.112.194,443.0,192.168.18.12,48404.0,TCP,0.0,1.0,1.0,0.0,66.0,0.0,66.0,66.0,66.0,0.0,0.0,0.0,0.0,0.0,66.0,1.0,0.0,0.0,0.0,0.0,0.0,0.0,0.0,1640025812.63032,1640025812.63032,0.0,0.0,0.0,1640025812.63032,0.0,0.0,0.0,0.0,0.0,0.0,0.0,1.0,1.0,66.0,66.0,66.0,0.0,0.0,1.0,0.0,0.0,0.0,1.0,0.0,0.0,0.0,1.0,66.0,0.0,0.0,0.0,0.0,0.0,0.0,0.0,0.0,1.0,66.0,0.0,0.0,110.0,0.0,1.0,52.0,0.0,0.0,0.0,0.0,0.0,0.0,0.0,0.0,None
>>>>>>> 3200919fa9a10d8733a8f450a464634b07920462,,,,,,,,,,,,,,,,,,,,,,,,,,,,,,,,,,,,,,,,,,,,,,,,,,,,,,,,,,,,,,,,,,,,,,,,,,,,,,,,,,,
